{"PPO Batch Consumption Time":0.05771780014038086,"_timestamp":1.7604655036867292e+09,"Timesteps Collected":50008,"z_vel":10.886951257199094,"Cumulative Timesteps":17556490,"Mean KL Divergence":0.01972181194772323,"SB3 Clip Fraction":0.1817933221658071,"Overall Steps per Second":3466.489373471572,"_wandb":{"runtime":2784},"Timestep Collection Time":12.271254100000078,"Policy Reward":186.47438584082062,"Policy Entropy":1.1972242593765259,"Policy Update Magnitude":0.12017235904932022,"x_vel":0.3097105323487459,"Total Iteration Time":14.42612239999994,"_runtime":2784,"Value Function Loss":10.094435691833496,"Timestep Consumption Time":2.154868299999862,"_step":701,"y_vel":371.69670056428527,"Cumulative Model Updates":1046,"Value Function Update Magnitude":0.1150042787194252,"Collected Steps per Second":4075.215099653073}