{"Overall Steps per Second":6357.298563082095,"Policy Update Magnitude":0.19240893423557281,"Cumulative Model Updates":895,"_step":60190,"_timestamp":1.761101656628673e+09,"Timesteps Collected":50004,"Policy Reward":-14285.277204461108,"_wandb":{"runtime":219558},"_runtime":219558,"Total Iteration Time":7.8656050999998115,"Value Function Loss":4138.9798583984375,"Mean KL Divergence":0.02291244361549616,"Policy Entropy":1.3738560676574707,"Cumulative Timesteps":15055262,"PPO Batch Consumption Time":0.04490852355957031,"z_vel":6.629153579843015,"Timestep Collection Time":6.962436299999808,"x_vel":11.756172420004308,"Timestep Consumption Time":0.9031688000000031,"Value Function Update Magnitude":0.17083309590816498,"y_vel":115.13812608518886,"Collected Steps per Second":7181.968759987273,"SB3 Clip Fraction":0.31321999430656433}