{"z_vel":4.897690848320731,"Policy Reward":1237.588663890994,"Mean KL Divergence":0.019362063768009346,"Policy Entropy":1.077290654182434,"Timesteps Collected":50018,"_runtime":66894,"PPO Batch Consumption Time":0.06321581204732259,"x_vel":-12.577429366218379,"Value Function Loss":1.3066496849060059,"Overall Steps per Second":3431.953026498793,"y_vel":150.93359002392552,"Policy Update Magnitude":0.06252235174179077,"_wandb":{"runtime":66894},"SB3 Clip Fraction":0.1527199943860372,"Value Function Update Magnitude":0.09284549206495285,"Collected Steps per Second":4199.604027499242,"_step":22079,"Cumulative Timesteps":532820772,"Total Iteration Time":14.574208800004271,"Cumulative Model Updates":31942,"Timestep Collection Time":11.910170499999367,"_timestamp":1.7606244243751447e+09,"Timestep Consumption Time":2.664038300004904}