{"Overall Steps per Second":6903.687569596621,"Cumulative Timesteps":636845748,"z_vel":6.729667214696097,"x_vel":11.143773944808016,"Cumulative Model Updates":38193,"Timestep Consumption Time":0.8302503999999544,"y_vel":65.87678005920188,"Policy Reward":2.559723295439634e+06,"Total Iteration Time":7.246851699999979,"Value Function Loss":0.10019421329100926,"Policy Entropy":1.0569450855255127,"_step":25465,"_timestamp":1.7611810854453814e+09,"_wandb":{"runtime":78651},"Collected Steps per Second":7796.962544641789,"Timestep Collection Time":6.416601300000025,"SB3 Clip Fraction":0.12481999645630519,"PPO Batch Consumption Time":0.038968960444132485,"Mean KL Divergence":0.022197656023005646,"Policy Update Magnitude":0.0534895695745945,"Value Function Update Magnitude":0.09728413075208664,"Timesteps Collected":50030,"_runtime":78651}