{"x_vel":45.673851042183394,"Overall Steps per Second":8194.808695029267,"SB3 Clip Fraction":0.021013332530856133,"Value Function Loss":0.4151817858219147,"Timestep Collection Time":5.265175399999862,"Timestep Consumption Time":0.8379567000010866,"Timesteps Collected":50014,"Collected Steps per Second":9499.018779127722,"Mean KL Divergence":0.0030332859605550766,"PPO Batch Consumption Time":0.04484478632609049,"Policy Entropy":1.3867536385854085,"Total Iteration Time":6.103132100000948,"z_vel":9.748910974398697,"_wandb":{"runtime":29371},"y_vel":252.83810946543596,"_step":10481,"Policy Reward":32.75058879251546,"Value Function Update Magnitude":0.15847915410995483,"Policy Update Magnitude":0.04876793548464775,"_timestamp":1.7605352421936803e+09,"_runtime":29371,"Cumulative Model Updates":8428,"Cumulative Timesteps":140694958}