{"_wandb":{"runtime":30407},"Value Function Loss":0.20927107334136963,"_timestamp":1.760584823945121e+09,"Cumulative Timesteps":253429868,"Total Iteration Time":6.5525345999999445,"_step":10801,"Cumulative Model Updates":15185,"x_vel":41.83093060737404,"PPO Batch Consumption Time":0.043181657791137695,"Mean KL Divergence":0.028853905232002337,"Policy Reward":109.33535728639055,"_runtime":30407,"Value Function Update Magnitude":0.07582683116197586,"z_vel":9.040037204194078,"Timestep Consumption Time":0.8916452999997091,"y_vel":301.7326560914043,"Overall Steps per Second":7633.992501161371,"SB3 Clip Fraction":0.18158666292826334,"Timestep Collection Time":5.660889300000235,"Collected Steps per Second":8836.42080759253,"Policy Update Magnitude":0.08973704278469086,"Policy Entropy":1.1545713345209758,"Timesteps Collected":50022}