{"Timestep Consumption Time":0.8324555000000373,"Collected Steps per Second":6941.722689005094,"Policy Entropy":1.2026584148406982,"Cumulative Timesteps":531970486,"_runtime":67072,"Total Iteration Time":8.037007200000005,"x_vel":8.042843108030382,"Cumulative Model Updates":31891,"_timestamp":1.7606686896777084e+09,"Policy Reward":292900.64634203375,"Value Function Loss":1007.2978922526041,"Timesteps Collected":50012,"PPO Batch Consumption Time":0.037186622619628906,"Value Function Update Magnitude":0.2497653067111969,"z_vel":8.179849522504284,"SB3 Clip Fraction":0.18378666043281555,"y_vel":239.11692059933353,"Policy Update Magnitude":0.10167288035154343,"_wandb":{"runtime":67072},"_step":22121,"Timestep Collection Time":7.204551699999968,"Mean KL Divergence":0.06330300370852153,"Overall Steps per Second":6222.714345708185}