{"Value Function Loss":0.08589102327823639,"Timesteps Collected":50004,"z_vel":10.001526951439232,"Value Function Update Magnitude":0.0999419167637825,"_timestamp":1.7605360662853847e+09,"x_vel":-18.30330069469976,"Policy Update Magnitude":0.0619288794696331,"_wandb":{"runtime":30060},"_step":10695,"Collected Steps per Second":9026.592054249812,"Overall Steps per Second":7637.9095644578065,"PPO Batch Consumption Time":0.0503838857014974,"SB3 Clip Fraction":0.03909999877214432,"Policy Reward":37.69067564259123,"Timestep Consumption Time":1.007185299997218,"y_vel":310.84060251165585,"Cumulative Timesteps":254180020,"_runtime":30060,"Total Iteration Time":6.546817499998724,"Mean KL Divergence":0.0037663749729593596,"Timestep Collection Time":5.539632200001506,"Cumulative Model Updates":15232,"Policy Entropy":1.2639079491297405}