{"Timestep Consumption Time":0.7679701000015484,"Cumulative Timesteps":530920104,"Policy Reward":1480.3725342857622,"y_vel":140.01692972367553,"PPO Batch Consumption Time":0.03903500239054362,"Value Function Update Magnitude":0.07368671149015427,"_timestamp":1.760624002603463e+09,"z_vel":4.8447324792020385,"Timesteps Collected":50006,"_wandb":{"runtime":66586},"Policy Entropy":1.0203699668248494,"_runtime":66586,"Policy Update Magnitude":0.05416259914636612,"Total Iteration Time":6.513515799997549,"Mean KL Divergence":0.015034095384180546,"SB3 Clip Fraction":0.13110666473706564,"Timestep Collection Time":5.745545699996001,"Overall Steps per Second":7677.267014539032,"Cumulative Model Updates":31831,"Collected Steps per Second":8703.437864924615,"_step":22003,"Value Function Loss":0.9644201199213663,"x_vel":16.76115700956714}