{"Mean KL Divergence":0.010805013279120127,"_timestamp":1.7607500682389774e+09,"Value Function Update Magnitude":0.11416798084974289,"Value Function Loss":105.75207010904948,"_runtime":79597,"Timestep Collection Time":7.751556599998366,"Timestep Consumption Time":1.026958000002196,"y_vel":318.11127150321744,"Cumulative Timesteps":541625034,"Collected Steps per Second":6452.381448135274,"z_vel":8.581143778695184,"Policy Update Magnitude":0.08246118575334549,"x_vel":22.72689972241493,"_step":22611,"SB3 Clip Fraction":0.0992666631937027,"PPO Batch Consumption Time":0.04124784469604492,"Total Iteration Time":8.778514600000562,"_wandb":{"runtime":79597},"Policy Reward":371174.59818660485,"Timesteps Collected":50016,"Cumulative Model Updates":32469,"Policy Entropy":1.1039851903915405,"Overall Steps per Second":5697.547054258678}