{"Timestep Collection Time":6.747698000000128,"SB3 Clip Fraction":0.15786665926376978,"Timestep Consumption Time":0.7684008999997332,"Cumulative Timesteps":1003274796,"Cumulative Model Updates":60147,"_timestamp":1.7609007819908462e+09,"_wandb":{"runtime":140147},"Value Function Update Magnitude":0.09426303207874298,"Timesteps Collected":50018,"Overall Steps per Second":6654.782043913888,"Mean KL Divergence":0.016612294130027294,"z_vel":4.481679417756966,"_runtime":140147,"_step":41277,"x_vel":8.089908905027352,"y_vel":60.511619440177085,"Policy Entropy":0.989898681640625,"Total Iteration Time":7.516098899999861,"PPO Batch Consumption Time":0.03872021039326986,"Policy Update Magnitude":0.06482817232608795,"Policy Reward":1.7983293188121254e+06,"Value Function Loss":1.6509554783503215,"Collected Steps per Second":7412.6020459124065}