{"z_vel":4.740359087080902,"Collected Steps per Second":10993.566179337871,"_wandb":{"runtime":178561},"Timesteps Collected":50024,"_step":46173,"Total Iteration Time":5.207634300000791,"Value Function Loss":1.2201839685440063,"Policy Entropy":1.0219062169392903,"_timestamp":1.7609691888840647e+09,"Policy Update Magnitude":0.05551723390817642,"_runtime":178561,"y_vel":74.18416906297634,"PPO Batch Consumption Time":0.034560441970825195,"SB3 Clip Fraction":0.1759866625070572,"x_vel":10.744927902942521,"Overall Steps per Second":9605.897249734377,"Value Function Update Magnitude":0.09641328454017639,"Policy Reward":1.276744480981097e+06,"Mean KL Divergence":0.022622699849307537,"Cumulative Timesteps":1122482528,"Timestep Collection Time":4.550297800000408,"Cumulative Model Updates":67296,"Timestep Consumption Time":0.6573365000003832}