{"Collected Steps per Second":10591.647488554141,"PPO Batch Consumption Time":0.0430599053700765,"_wandb":{"runtime":17884},"Timestep Consumption Time":0.9763263000004372,"Cumulative Timesteps":141545404,"Overall Steps per Second":8776.687604101757,"x_vel":-27.890427551760087,"SB3 Clip Fraction":0.0007866666322418799,"_timestamp":1.7604983819885464e+09,"Total Iteration Time":5.697593700000198,"z_vel":10.835857929102845,"Policy Reward":20.015433624388656,"Value Function Update Magnitude":0.08309808373451233,"Timesteps Collected":50006,"Value Function Loss":0.05388106405735016,"Policy Update Magnitude":0.022631146013736725,"_step":5971,"Mean KL Divergence":0.00013054056034889072,"_runtime":17884,"Cumulative Model Updates":8478,"Policy Entropy":1.4189376831054688,"Timestep Collection Time":4.7212673999997605,"y_vel":182.9327014800084}