{"Timestep Consumption Time":0.7553211000049487,"SB3 Clip Fraction":0.10345999896526337,"Policy Entropy":1.1254647970199585,"x_vel":-1.015108760089835,"Mean KL Divergence":0.011779623727003733,"Collected Steps per Second":5693.564888640081,"Timestep Collection Time":8.785005699995963,"Cumulative Model Updates":50149,"_wandb":{"runtime":122646},"_runtime":122646,"Overall Steps per Second":5242.797343168078,"z_vel":7.1325540734844175,"_timestamp":1.7608422477016206e+09,"Value Function Loss":4.322800636291504,"y_vel":289.1939381968145,"Policy Update Magnitude":0.06830234825611115,"_step":34519,"PPO Batch Consumption Time":0.0354313850402832,"Policy Reward":584911.9890451641,"Timesteps Collected":50018,"Value Function Update Magnitude":0.09058272838592529,"Cumulative Timesteps":836474126,"Total Iteration Time":9.540326800000912}