{"SB3 Clip Fraction":0.17272666096687317,"_wandb":{"runtime":178654},"Overall Steps per Second":4911.837523522866,"Timestep Collection Time":9.070927200002188,"Collected Steps per Second":5515.422943752424,"_step":46191,"Cumulative Model Updates":67318,"PPO Batch Consumption Time":0.04098431269327799,"Timestep Consumption Time":1.1146702999976696,"z_vel":3.2551812873009225,"Policy Reward":2.2173241360300044e+06,"Mean KL Divergence":0.019794970129926998,"Policy Entropy":1.0279908180236816,"_runtime":178654,"y_vel":56.56575581403204,"Cumulative Timesteps":1122932670,"Timesteps Collected":50030,"Value Function Loss":1.1245981852213542,"Total Iteration Time":10.185597499999858,"Policy Update Magnitude":0.052624598145484924,"Value Function Update Magnitude":0.09778476506471634,"x_vel":-12.149774278705303,"_timestamp":1.7609816648447623e+09}