{"PPO Batch Consumption Time":0.04268670082092285,"_runtime":122784,"Total Iteration Time":6.915431599998556,"Timestep Collection Time":6.141925800002355,"_step":34559,"Value Function Update Magnitude":0.11327947676181793,"SB3 Clip Fraction":0.15241999675830206,"z_vel":6.563208546623144,"_wandb":{"runtime":122784},"Overall Steps per Second":7231.0743410448085,"Cumulative Model Updates":50204,"Policy Update Magnitude":0.05909368023276329,"x_vel":6.817877091609534,"Policy Reward":619552.4991743267,"Policy Entropy":1.1140846808751423,"Value Function Loss":3.969411611557007,"_timestamp":1.7608424811060865e+09,"Cumulative Timesteps":837474442,"Timesteps Collected":50006,"Timestep Consumption Time":0.773505799996201,"Mean KL Divergence":0.022307530976831913,"y_vel":275.2366490053986,"Collected Steps per Second":8141.746030207794}