{"x_vel":6.195445100792455,"Timestep Collection Time":8.846830300000079,"Policy Reward":714336.800590126,"_step":41147,"Overall Steps per Second":5033.051373580385,"y_vel":292.0384331130523,"Timestep Consumption Time":1.0910773999999037,"Collected Steps per Second":5653.776358748461,"Cumulative Timesteps":1001224202,"Total Iteration Time":9.937907699999982,"Mean KL Divergence":0.01819190165648858,"Policy Update Magnitude":0.06725125014781952,"Value Function Loss":2.4455705483754477,"_timestamp":1.7609002604097924e+09,"_wandb":{"runtime":139710},"PPO Batch Consumption Time":0.04044787089029948,"Value Function Update Magnitude":0.1029815673828125,"Timesteps Collected":50018,"Policy Entropy":1.0467406908671062,"Cumulative Model Updates":60022,"_runtime":139710,"SB3 Clip Fraction":0.149419995645682,"z_vel":7.752372529787245}